{"cameraMode":{"drawMode":0,"name":"Shaded","section":"Shading Mode"},"sceneLighting":false,"audioPlay":false,"sceneViewState":{"showFog":true,"showMaterialUpdate":true,"showSkybox":true,"showFlares":true,"showImageEffects":true,"showParticleSystems":true},"in2DMode":false,"pivot":{"x":90.30999755859375,"y":34.18000030517578,"z":147.58999633789063},"rotation":{"x":0.293465793132782,"y":0.017205802723765374,"z":-0.0052831145003438,"w":0.9558001756668091},"size":8.282471656799317,"orthographic":false}