{"cameraMode":{"drawMode":0,"name":"Shaded","section":"Shading Mode"},"sceneLighting":false,"audioPlay":false,"sceneViewState":{"showFog":true,"showMaterialUpdate":true,"showSkybox":true,"showFlares":true,"showImageEffects":true,"showParticleSystems":true},"in2DMode":false,"pivot":{"x":90.30999755859375,"y":34.37651062011719,"z":147.0},"rotation":{"x":0.33713120222091677,"y":0.4782574474811554,"z":-0.20553924143314362,"w":0.7844526767730713},"size":10.5818510055542,"orthographic":false}