{"cameraMode":{"drawMode":0,"name":"Shaded","section":"Shading Mode"},"sceneLighting":true,"audioPlay":true,"sceneViewState":{"showFog":true,"showMaterialUpdate":true,"showSkybox":true,"showFlares":true,"showImageEffects":true,"showParticleSystems":true},"in2DMode":false,"pivot":{"x":114.42223358154297,"y":17.185834884643556,"z":160.19515991210938},"rotation":{"x":-0.13401120901107789,"y":-0.28551894426345827,"z":0.04030771926045418,"w":-0.9481008648872376},"size":22.0,"orthographic":false}