{"cameraMode":{"drawMode":0,"name":"Shaded","section":"Shading Mode"},"sceneLighting":true,"audioPlay":false,"sceneViewState":{"showFog":true,"showMaterialUpdate":true,"showSkybox":true,"showFlares":true,"showImageEffects":true,"showParticleSystems":true},"in2DMode":false,"pivot":{"x":147.50267028808595,"y":56.07035446166992,"z":124.86795043945313},"rotation":{"x":0.32892534136772158,"y":0.25609034299850466,"z":-0.09316090494394303,"w":0.904183030128479},"size":107.14769744873047,"orthographic":false}