{"cameraMode":{"drawMode":0,"name":"Shaded","section":"Shading Mode"},"sceneLighting":false,"audioPlay":false,"sceneViewState":{"showFog":true,"showMaterialUpdate":true,"showSkybox":true,"showFlares":true,"showImageEffects":true,"showParticleSystems":true},"in2DMode":false,"pivot":{"x":-0.3595430850982666,"y":2.778733730316162,"z":-31.675220489501954},"rotation":{"x":-0.2992217540740967,"y":0.5191036462783814,"z":-0.20038537681102754,"w":-0.7751410007476807},"size":10.175935745239258,"orthographic":false}