{"cameraMode":{"drawMode":0,"name":"Shaded","section":"Shading Mode"},"sceneLighting":false,"audioPlay":false,"sceneViewState":{"showFog":true,"showMaterialUpdate":true,"showSkybox":true,"showFlares":true,"showImageEffects":true,"showParticleSystems":true},"in2DMode":false,"pivot":{"x":70.87000274658203,"y":36.2599983215332,"z":157.44000244140626},"rotation":{"x":0.25298556685447695,"y":0.20560094714164735,"z":-0.055113326758146289,"w":0.943763256072998},"size":22.0,"orthographic":false}