{"cameraMode":{"drawMode":0,"name":"Shaded","section":"Shading Mode"},"sceneLighting":false,"audioPlay":false,"sceneViewState":{"showFog":true,"showMaterialUpdate":true,"showSkybox":true,"showFlares":true,"showImageEffects":true,"showParticleSystems":true},"in2DMode":false,"pivot":{"x":-2.0583677291870119,"y":-0.5690679550170898,"z":-27.36466407775879},"rotation":{"x":-0.21068695187568665,"y":0.31369736790657046,"z":-0.07159887254238129,"w":-0.92308109998703},"size":12.882857322692871,"orthographic":false}