{"cameraMode":{"drawMode":0,"name":"Shaded","section":"Shading Mode"},"sceneLighting":false,"audioPlay":false,"sceneViewState":{"showFog":true,"showMaterialUpdate":false,"showSkybox":true,"showFlares":true,"showImageEffects":true,"showParticleSystems":true},"in2DMode":false,"pivot":{"x":-18.14350700378418,"y":6.945797920227051,"z":-18.429866790771486},"rotation":{"x":0.11957049369812012,"y":0.4765973687171936,"z":-0.06561729311943054,"w":0.868476927280426},"size":12.850950241088868,"orthographic":false}