{"cameraMode":{"drawMode":0,"name":"Shaded","section":"Shading Mode"},"sceneLighting":true,"audioPlay":false,"sceneViewState":{"showFog":true,"showMaterialUpdate":false,"showSkybox":true,"showFlares":true,"showImageEffects":true,"showParticleSystems":true},"in2DMode":false,"pivot":{"x":87.73051452636719,"y":-6.245639801025391,"z":341.86871337890627},"rotation":{"x":0.13924464583396913,"y":0.04098597541451454,"z":-0.005768382456153631,"w":0.9893926978111267},"size":224.9205780029297,"orthographic":false}