{"cameraMode":{"drawMode":0,"name":"Shaded","section":"Shading Mode"},"sceneLighting":false,"audioPlay":false,"sceneViewState":{"showFog":true,"showMaterialUpdate":false,"showSkybox":true,"showFlares":true,"showImageEffects":true,"showParticleSystems":true},"in2DMode":false,"pivot":{"x":90.30999755859375,"y":34.55651092529297,"z":147.58999633789063},"rotation":{"x":0.1673097014427185,"y":0.35428541898727419,"z":-0.06458589434623718,"w":0.9177788496017456},"size":10.5818510055542,"orthographic":false}